resistance [Ohm],n_pieces
0.386336,1
0.373559,2
0.339839,5
0.295421,10
0.175437,50
0.153353,100
0.141198,225
0.140227,250
0.139435,275
0.138771,300
0.13696,400
0.135865,500
